GA,Opponent,Fittest,memSize,nGens,gameLen,nGames,search
GeneticAgent,TFTAgent,CCCDCDCDCDCDCCDDDCDCDCCCDDDCCCCCCDCDDDCDDCCDCDCDCDDCDCDCDCCCCDCDCCCCCC,6,1000,64,10,random
GeneticAgent,TFTAgent,CDDDDCDCCCC,3,100,30,10,crossover
GeneticAgent,TFTAgent,CDCCCDDCCCC,3,1000,64,10,crossover
GeneticAgent,TFTAgent,CCDCDDDCCDCCCCDCDCCDCDDCDDCDDCCCDDDDDDDCCCCDDCDCCCDDDDDDCDDDCCDDCCCCCC,6,1000,64,10,crossover
GeneticAgent,TFTAgent,DCDDCCCCDCC,3,,30,5,hill climb greedy
GeneticAgent,TFTAgent,DCDCCCDDCDD,3,,30,5,hill climb steep
GeneticAgent,TFTAgent,DCCCDCDCCCDDDDDCCDCC,4,,30,5,hill climb greedy
GeneticAgent,TFTAgent,DCDCDCCCDDCDDCCDDCDD,4,,30,5,hill climb steep
GeneticAgent,TFNTAgent,DCCDCDCDDCDCDDCDCCDDDDCDCCCDDDDCCDDCCDDCDDDCDDDCDCDCDCDCCCDDDCCDDCCCCC,6,1000,64,10,random
GeneticAgent,TFNTAgent,DCDCCDDCDDD,3,100,30,10,crossover
GeneticAgent,TFNTAgent,DDDCCCDDCDC,3,1000,64,10,crossover
GeneticAgent,TFNTAgent,DCCDDCCDDDCCDCCCCDCDCDDDDCDDDDDDDDDDDCDDCDCCDCDDCCCDDCDCDDDDDCCDDCCCCD,6,1000,64,10,crossover
GeneticAgent,TFNTAgent,CCDCDDCCDDC,3,,30,5,hill climb greedy
GeneticAgent,TFNTAgent,DCDCCCDDDDD,3,,30,5,hill climb steep
GeneticAgent,TFNTAgent,CDCDDCDCDDCDDCDCDDCD,4,,30,5,hill climb greedy
GeneticAgent,TFNTAgent,DCDDDCCCCDCDDCCDDCDC,4,,30,5,hill climb steep
GeneticAgent,STFTAgent,CDCCCDDDCDDCCDDDCDDCCCCDCCCDCCDCCCDDCDDCCCCCCDDCCCDCCCCCDCDCCCCDCCDCDC,6,1000,64,10,random
GeneticAgent,STFTAgent,CCDDCDCCDDD,3,100,30,10,crossover
GeneticAgent,STFTAgent,CCCDCCDCCCC,3,1000,64,10,crossover
GeneticAgent,STFTAgent,CCCCCCCCCCCDCCDCCDDCCCCDCCCCCDCDCDCCDCCDCDDCCDDDCCDDCCCDDCCDDCCCDDDDCD,6,1000,64,10,crossover
GeneticAgent,STFTAgent,CCCDCDCCDDD,3,,30,5,hill climb greedy
GeneticAgent,STFTAgent,DCDCCCDDCCD,3,,30,5,hill climb steep
GeneticAgent,STFTAgent,DCDCDDDDCCCDCDCDCCDD,4,,30,5,hill climb greedy
GeneticAgent,STFTAgent,DCCDDCCCCCCDDCCDCCDC,4,,30,5,hill climb steep
GeneticAgent,RandomAgent,DCDCDDDDCCDDCDDCDCDDDCDCDDDCCDDCCDDCDDDDDCDDDDDDDCCCCCCCDCDCDDCDDDCCDC,6,1000,64,10,random
GeneticAgent,RandomAgent,CDDDDDCDCCC,3,100,30,10,crossover
GeneticAgent,RandomAgent,DDDDDDDDDDC,3,1000,64,10,crossover
GeneticAgent,RandomAgent,DCDDCDDCDDCDCCDCDCDCDDDCDDDDDCDCCCCDDDDDDDCCDCDCDDDDCDDDDDDDDDCDDDDDCC,6,1000,64,10,crossover
GeneticAgent,RandomAgent,DDDDDCDCCDD,3,,30,5,hill climb greedy
GeneticAgent,RandomAgent,DDDDDDDDCDD,3,,30,5,hill climb steep
GeneticAgent,RandomAgent,CCCCCCCCDCDCDCCDDDCC,4,,30,5,hill climb greedy
GeneticAgent,RandomAgent,DCDCDCDDDDDDDDDCDDCC,4,,30,5,hill climb steep
GeneticAgent,PavlovAgent,CCCDDDCCDCCDCCDDDCDCDDDDDDCCCDCDCDCCCCCDCDDCDDCDDCDDDDCDDCCCCDCCCCCCCC,6,1000,64,10,random
GeneticAgent,PavlovAgent,CCDDCCCCDDD,3,100,30,10,crossover
GeneticAgent,PavlovAgent,CCDCDDCDCCC,3,1000,64,10,crossover
GeneticAgent,PavlovAgent,CDDDCCDCDCDCCCCCCDDCDDDCDCCCCCCDCCDCCCDDDCDCCDCCCDCDCCCDCDCCDDDDCCCCCC,6,1000,64,10,crossover
GeneticAgent,PavlovAgent,CCDDDCCDCCC,3,,30,5,hill climb greedy
GeneticAgent,PavlovAgent,CCDCCCCCCCC,3,,30,5,hill climb steep
GeneticAgent,PavlovAgent,CDDDDDDDCCDDCCCCDDDD,4,,30,5,hill climb greedy
GeneticAgent,PavlovAgent,DCCCDCCCCCCDDCCDDCCC,4,,30,5,hill climb steep
GeneticAgent,Opponent,Fittest,memSize,nGens,gameLen,nGames,search
GeneticAgent,GeneticAgent,DDDCDCDDDCDCDDCCDCCCCCCCDCDCDDDCDDCDDDDDDDCDCCDDCCCDDCDDCDDDDDDCDDDDDD,6,1000,64,10,random
GeneticAgent,GeneticAgent,DDDCDDCCCDD,3,100,30,10,crossover
GeneticAgent,GeneticAgent,DCCDCDDDDDD,3,1000,64,10,crossover
GeneticAgent,GeneticAgent,DDDCDCDCDDCCCCDCDDCCCCDCDDCDCDDCDDCDDCDDDCDDCCCDCDCDCCCCDDDDCDCDCDCCCD,6,1000,64,10,crossover
GeneticAgent,GeneticAgent,DCCDDCDDCDD,3,,30,5,hill climb greedy
GeneticAgent,GeneticAgent,DDCDDCDCCDD,3,,30,5,hill climb steep
GeneticAgent,GeneticAgent,CDCDCCCDCCCCCCCCDDCC,4,,30,5,hill climb greedy
GeneticAgent,GeneticAgent,DDDDDCDDDDDCCDCCDCDD,4,,30,5,hill climb steep
GeneticAgent,DefectiveAgent,DDCDCCDDDDDCDDDCCCDDDCDCDDDCCCDDCCCDDDCCCDCDCCDDCCDDCDCCCDCCDDDDDDDCDD,6,1000,64,10,random
GeneticAgent,DefectiveAgent,DDCCCCDDDCD,3,100,30,10,crossover
GeneticAgent,DefectiveAgent,CCCCDDDDDDD,3,1000,64,10,crossover
GeneticAgent,DefectiveAgent,CDCDCCDCDCCCDCCDDCCCCDCDCCCDCDCDCDDCDDDDCCDDDCDDDCCCDDDDCDCDDDCDDDDDDD,6,1000,64,10,crossover
GeneticAgent,DefectiveAgent,DCCCCDDDDDD,3,,30,5,hill climb greedy
GeneticAgent,DefectiveAgent,DDDDDDDDDDD,3,,30,5,hill climb steep
GeneticAgent,DefectiveAgent,DDDCDDDDDDDCDDCDDDCD,4,,30,5,hill climb greedy
GeneticAgent,DefectiveAgent,DCDCDCDDDDDDDDDDDDDD,4,,30,5,hill climb steep
GeneticAgent,CooperativeAgent,DDCDCCDCCCDCDCCCDCDCCDDCDDCDDDDCDCDDDCCDDCCCDCCCDDDDCCCCCDCCDDCDDDDDDD,6,1000,64,10,random
GeneticAgent,CooperativeAgent,CDCCDDDCDDC,3,100,30,10,crossover
GeneticAgent,CooperativeAgent,DDCCDDDDDDD,3,1000,64,10,crossover
GeneticAgent,CooperativeAgent,DDDCCCCCDDCCCDCCDDDDCCCCDCDDDCCDCCCCCCCCDCCCCDDCCDCCCDDCDCCCCDCDDCDDDD,6,1000,64,10,crossover
GeneticAgent,CooperativeAgent,DCDCCCCDDDD,3,,30,5,hill climb greedy
GeneticAgent,CooperativeAgent,DDDDDDDDDDD,3,,30,5,hill climb steep
GeneticAgent,CooperativeAgent,DDDDCDDDDCDCCDDCDCDD,4,,30,5,hill climb greedy
GeneticAgent,CooperativeAgent,DCDCDCDDDDDDDDDCDDDD,4,,30,5,hill climb steep